{"cameraMode":{"drawMode":0,"name":"Shaded","section":"Shading Mode"},"sceneLighting":false,"audioPlay":false,"sceneViewState":{"m_AlwaysRefresh":false,"showFog":true,"showSkybox":true,"showFlares":true,"showImageEffects":true,"showParticleSystems":true,"showVisualEffectGraphs":true,"m_FxEnabled":true},"in2DMode":false,"pivot":{"x":315.19244384765627,"y":184.1119384765625,"z":-155.12298583984376},"rotation":{"x":-0.1213829293847084,"y":0.29569125175476076,"z":-0.03790858015418053,"w":-0.9467840790748596},"size":106.41372680664063,"orthographic":false}